ch1_elapsed_s,ch1_ok,ch1_plen,ch1_raw_len,ch2_elapsed_s,ch2_ok,ch2_plen,ch2_raw_len,ch3_elapsed_s,ch3_ok,ch3_plen,ch3_raw_len,ch4_elapsed_s,ch4_ok,ch4_plen,ch4_raw_len,elapsed_s,head_datalen,head_elapsed_s,head_ok,head_plen,head_raw_len,idn_len,idn_ok,idn_str,iter,live,ts
1790156636.22,True,3040,3044,1790156636.723,True,3040,3044,1790156637.227,True,3040,3044,1790156637.731,True,3040,3044,3.516,1520,1790156635.718,True,1248,1252,31,True,"OWON,TAO3104A,2306027,V3.0.0",1,True,1790156634.2150836
1790156639.737,True,3040,3044,1790156640.243,True,3040,3044,1790156640.746,True,3040,3044,1790156641.25,True,3040,3044,3.52,1520,1790156639.233,True,1248,1252,31,True,"OWON,TAO3104A,2306027,V3.0.0",2,True,1790156637.7306392
1790156643.258,True,3040,3044,1790156643.762,True,3040,3044,1790156644.266,True,3040,3044,1790156644.769,True,3040,3044,3.519,1520,1790156642.753,True,1248,1252,31,True,"OWON,TAO3104A,2306027,V3.0.0",3,True,1790156641.2502148
1790156646.776,True,3040,3044,1790156647.279,True,3040,3044,1790156647.782,True,3040,3044,1790156648.288,True,3040,3044,3.518,1520,1790156646.271,True,1248,1252,31,True,"OWON,TAO3104A,2306027,V3.0.0",4,True,1790156644.7694523
1790156650.295,True,3040,3044,1790156650.8,True,3040,3044,1790156651.304,True,3040,3044,1790156651.808,True,3040,3044,3.52,1520,1790156649.789,True,1248,1252,31,True,"OWON,TAO3104A,2306027,V3.0.0",5,True,1790156648.2877162
1790156653.814,True,3040,3044,1790156654.318,True,3040,3044,1790156654.822,True,3040,3044,1790156655.326,True,3040,3044,3.518,1520,1790156653.311,True,1248,1252,31,True,"OWON,TAO3104A,2306027,V3.0.0",6,True,1790156651.807737
1790156657.334,True,3040,3044,1790156657.837,True,3040,3044,1790156658.34,True,3040,3044,1790156658.846,True,3040,3044,3.519,1520,1790156656.829,True,1248,1252,31,True,"OWON,TAO3104A,2306027,V3.0.0",7,True,1790156655.326223
1790156660.854,True,3040,3044,1790156661.359,True,3040,3044,1790156661.863,True,3040,3044,1790156662.366,True,3040,3044,3.521,1520,1790156660.348,True,1248,1252,31,True,"OWON,TAO3104A,2306027,V3.0.0",8,True,1790156658.845708
1790156664.371,True,3040,3044,1790156664.874,True,3040,3044,1790156665.378,True,3040,3044,1790156665.881,True,3040,3044,3.515,1520,1790156663.868,True,1248,1252,31,True,"OWON,TAO3104A,2306027,V3.0.0",9,True,1790156662.3662574
1790156667.889,True,3040,3044,1790156668.392,True,3040,3044,1790156668.896,True,3040,3044,1790156669.401,True,3040,3044,3.52,1520,1790156667.383,True,1248,1252,31,True,"OWON,TAO3104A,2306027,V3.0.0",10,True,1790156665.8810582
1790156671.407,True,3040,3044,1790156671.912,True,3040,3044,1790156672.416,True,3040,3044,1790156672.919,True,3040,3044,3.518,1520,1790156670.902,True,1248,1252,31,True,"OWON,TAO3104A,2306027,V3.0.0",11,True,1790156669.4008157
1790156674.927,True,3040,3044,1790156675.43,True,3040,3044,1790156675.933,True,3040,3044,1790156676.437,True,3040,3044,3.517,1520,1790156674.421,True,1248,1252,31,True,"OWON,TAO3104A,2306027,V3.0.0",12,True,1790156672.9192734
1790156678.441,True,3040,3044,1790156678.945,True,3040,3044,1790156679.449,True,3040,3044,1790156679.954,True,3040,3044,3.518,1520,1790156677.939,True,1248,1252,31,True,"OWON,TAO3104A,2306027,V3.0.0",13,True,1790156676.4366555
1790156681.96,True,3040,3044,1790156682.465,True,3040,3044,1790156682.969,True,3040,3044,1790156683.472,True,3040,3044,3.518,1520,1790156681.456,True,1248,1252,31,True,"OWON,TAO3104A,2306027,V3.0.0",14,True,1790156679.9543602
1790156685.478,True,3040,3044,1790156685.981,True,3040,3044,1790156686.486,True,3040,3044,1790156686.99,True,3040,3044,3.517,1520,1790156684.974,True,1248,1252,31,True,"OWON,TAO3104A,2306027,V3.0.0",15,True,1790156683.4722557
1790156688.995,True,3040,3044,1790156689.499,True,3040,3044,1790156690.002,True,3040,3044,1790156690.508,True,3040,3044,3.518,1520,1790156688.492,True,1248,1252,31,True,"OWON,TAO3104A,2306027,V3.0.0",16,True,1790156686.9895673
1790156692.512,True,3040,3044,1790156693.017,True,3040,3044,1790156693.521,True,3040,3044,1790156694.024,True,3040,3044,3.517,1520,1790156692.01,True,1248,1252,31,True,"OWON,TAO3104A,2306027,V3.0.0",17,True,1790156690.5077424
1790156696.029,True,3040,3044,1790156696.533,True,3040,3044,1790156697.036,True,3040,3044,1790156697.54,True,3040,3044,3.515,1520,1790156695.526,True,1248,1252,31,True,"OWON,TAO3104A,2306027,V3.0.0",18,True,1790156694.0243025
1790156699.545,True,3040,3044,1790156700.049,True,3040,3044,1790156700.552,True,3040,3044,1790156701.057,True,3040,3044,3.518,1520,1790156699.041,True,1248,1252,31,True,"OWON,TAO3104A,2306027,V3.0.0",19,True,1790156697.5395682
1790156703.066,True,3040,3044,1790156703.571,True,3040,3044,1790156704.075,True,3040,3044,1790156704.578,True,3040,3044,3.521,1520,1790156702.56,True,1248,1252,31,True,"OWON,TAO3104A,2306027,V3.0.0",20,True,1790156701.0574605
1790156706.583,True,3040,3044,1790156707.086,True,3040,3044,1790156707.59,True,3040,3044,1790156708.094,True,3040,3044,3.516,1520,1790156706.081,True,1248,1252,31,True,"OWON,TAO3104A,2306027,V3.0.0",21,True,1790156704.578021
1790156710.103,True,3040,3044,1790156710.607,True,3040,3044,1790156711.11,True,3040,3044,1790156711.616,True,3040,3044,3.522,1520,1790156709.596,True,1248,1252,31,True,"OWON,TAO3104A,2306027,V3.0.0",22,True,1790156708.0936706
1790156713.62,True,3040,3044,1790156714.125,True,3040,3044,1790156714.629,True,3040,3044,1790156715.132,True,3040,3044,3.516,1520,1790156713.118,True,1248,1252,31,True,"OWON,TAO3104A,2306027,V3.0.0",23,True,1790156711.6160462
1790156717.137,True,3040,3044,1790156717.64,True,3040,3044,1790156718.144,True,3040,3044,1790156718.648,True,3040,3044,3.516,1520,1790156716.634,True,1248,1252,31,True,"OWON,TAO3104A,2306027,V3.0.0",24,True,1790156715.1319606
1790156720.655,True,3040,3044,1790156721.159,True,3040,3044,1790156721.662,True,3040,3044,1790156722.168,True,3040,3044,3.519,1520,1790156720.15,True,1248,1252,31,True,"OWON,TAO3104A,2306027,V3.0.0",25,True,1790156718.6484754
1790156724.176,True,3040,3044,1790156724.681,True,3040,3044,1790156725.185,True,3040,3044,1790156725.689,True,3040,3044,3.521,1520,1790156723.671,True,1248,1252,31,True,"OWON,TAO3104A,2306027,V3.0.0",26,True,1790156722.1677601
1790156727.694,True,3040,3044,1790156728.197,True,3040,3044,1790156728.701,True,3040,3044,1790156729.204,True,3040,3044,3.515,1520,1790156727.191,True,1248,1252,31,True,"OWON,TAO3104A,2306027,V3.0.0",27,True,1790156725.6887512
1790156731.209,True,3040,3044,1790156731.712,True,3040,3044,1790156732.216,True,3040,3044,1790156732.721,True,3040,3044,3.517,1520,1790156730.706,True,1248,1252,31,True,"OWON,TAO3104A,2306027,V3.0.0",28,True,1790156729.2041135
1790156734.728,True,3040,3044,1790156735.234,True,3040,3044,1790156735.738,True,3040,3044,1790156736.242,True,3040,3044,3.521,1520,1790156734.223,True,1248,1252,31,True,"OWON,TAO3104A,2306027,V3.0.0",29,True,1790156732.721109
1790156738.251,True,3040,3044,1790156738.754,True,3040,3044,1790156739.258,True,3040,3044,1790156739.761,True,3040,3044,3.519,1520,1790156737.745,True,1248,1252,31,True,"OWON,TAO3104A,2306027,V3.0.0",30,True,1790156736.242191
1790156741.767,True,3040,3044,1790156742.271,True,3040,3044,1790156742.772,True,3040,3044,1790156743.276,True,3040,3044,3.515,1520,1790156741.264,True,1248,1252,31,True,"OWON,TAO3104A,2306027,V3.0.0",31,True,1790156739.7613137
1790156745.283,True,3040,3044,1790156745.786,True,3040,3044,1790156746.29,True,3040,3044,1790156746.793,True,3040,3044,3.517,1520,1790156744.778,True,1248,1252,31,True,"OWON,TAO3104A,2306027,V3.0.0",32,True,1790156743.2758965
1790156748.8,True,3040,3044,1790156749.304,True,3040,3044,1790156749.805,True,3040,3044,1790156750.311,True,3040,3044,3.518,1520,1790156748.295,True,1248,1252,31,True,"OWON,TAO3104A,2306027,V3.0.0",33,True,1790156746.7930524
1790156752.317,True,3040,3044,1790156752.82,True,3040,3044,1790156753.326,True,3040,3044,1790156753.829,True,3040,3044,3.518,1520,1790156751.813,True,1248,1252,31,True,"OWON,TAO3104A,2306027,V3.0.0",34,True,1790156750.3111365
1790156755.834,True,3040,3044,1790156756.338,True,3040,3044,1790156756.841,True,3040,3044,1790156757.345,True,3040,3044,3.515,1520,1790156755.332,True,1248,1252,31,True,"OWON,TAO3104A,2306027,V3.0.0",35,True,1790156753.8292515
1790156759.353,True,3040,3044,1790156759.857,True,3040,3044,1790156760.36,True,3040,3044,1790156760.863,True,3040,3044,3.519,1520,1790156758.846,True,1248,1252,31,True,"OWON,TAO3104A,2306027,V3.0.0",36,True,1790156757.3446221
1790156762.869,True,3040,3044,1790156763.373,True,3040,3044,1790156763.879,True,3040,3044,1790156764.382,True,3040,3044,3.519,1520,1790156762.365,True,1248,1252,31,True,"OWON,TAO3104A,2306027,V3.0.0",37,True,1790156760.8635101
1790156766.387,True,3040,3044,1790156766.893,True,3040,3044,1790156767.395,True,3040,3044,1790156767.898,True,3040,3044,3.516,1520,1790156765.884,True,1248,1252,31,True,"OWON,TAO3104A,2306027,V3.0.0",38,True,1790156764.382222
1790156769.906,True,3040,3044,1790156770.409,True,3040,3044,1790156770.914,True,3040,3044,1790156771.417,True,3040,3044,3.519,1520,1790156769.399,True,1248,1252,31,True,"OWON,TAO3104A,2306027,V3.0.0",39,True,1790156767.8980818
1790156773.426,True,3040,3044,1790156773.929,True,3040,3044,1790156774.435,True,3040,3044,1790156774.939,True,3040,3044,3.522,1520,1790156772.919,True,1248,1252,31,True,"OWON,TAO3104A,2306027,V3.0.0",40,True,1790156771.4173913
1790156776.944,True,3040,3044,1790156777.447,True,3040,3044,1790156777.951,True,3040,3044,1790156778.454,True,3040,3044,3.515,1520,1790156776.441,True,1248,1252,31,True,"OWON,TAO3104A,2306027,V3.0.0",41,True,1790156774.9393687
1790156780.459,True,3040,3044,1790156780.963,True,3040,3044,1790156781.466,True,3040,3044,1790156781.971,True,3040,3044,3.517,1520,1790156779.957,True,1248,1252,31,True,"OWON,TAO3104A,2306027,V3.0.0",42,True,1790156778.4544215
1790156783.979,True,3040,3044,1790156784.485,True,3040,3044,1790156784.988,True,3040,3044,1790156785.491,True,3040,3044,3.52,1520,1790156783.474,True,1248,1252,31,True,"OWON,TAO3104A,2306027,V3.0.0",43,True,1790156781.971461
1790156787.496,True,3040,3044,1790156787.999,True,3040,3044,1790156788.502,True,3040,3044,1790156789.006,True,3040,3044,3.514,1520,1790156786.994,True,1248,1252,31,True,"OWON,TAO3104A,2306027,V3.0.0",44,True,1790156785.4915388
1790156791.011,True,3040,3044,1790156791.515,True,3040,3044,1790156792.018,True,3040,3044,1790156792.523,True,3040,3044,3.517,1520,1790156790.508,True,1248,1252,31,True,"OWON,TAO3104A,2306027,V3.0.0",45,True,1790156789.0060017
1790156794.532,True,3040,3044,1790156795.037,True,3040,3044,1790156795.541,True,3040,3044,1790156796.044,True,3040,3044,3.521,1520,1790156794.026,True,1248,1252,31,True,"OWON,TAO3104A,2306027,V3.0.0",46,True,1790156792.523404
1790156798.05,True,3040,3044,1790156798.554,True,3040,3044,1790156799.058,True,3040,3044,1790156799.561,True,3040,3044,3.517,1520,1790156797.546,True,1248,1252,31,True,"OWON,TAO3104A,2306027,V3.0.0",47,True,1790156796.04454
1790156801.566,True,3040,3044,1790156802.07,True,3040,3044,1790156802.575,True,3040,3044,1790156803.079,True,3040,3044,3.518,1520,1790156801.063,True,1248,1252,31,True,"OWON,TAO3104A,2306027,V3.0.0",48,True,1790156799.5611346
1790156805.083,True,3040,3044,1790156805.586,True,3040,3044,1790156806.089,True,3040,3044,1790156806.594,True,3040,3044,3.515,1520,1790156804.581,True,1248,1252,31,True,"OWON,TAO3104A,2306027,V3.0.0",49,True,1790156803.079152
1790156808.6,True,3040,3044,1790156809.103,True,3040,3044,1790156809.607,True,3040,3044,1790156810.11,True,3040,3044,3.516,1520,1790156808.095,True,1248,1252,31,True,"OWON,TAO3104A,2306027,V3.0.0",50,True,1790156806.5938816
